snp_id,chromosome,position,p_value,mapped_gene,risk_allele,risk_allele_freq,trait,pubmed_id,effect_size,ci_95
rs7607919,2,2072748,1e-07,MYT1L,rs7607919-A,NR,Pulmonary tuberculosis,37009413,2.079,[1.588-2.722]
rs111875628,6,32616036,8e-07,HLA-DRB1 - HLA-DQA1,rs111875628-A,NR,Pulmonary tuberculosis,37009413,1.384,[1.216-1.574]
rs8180820,7,51896850,1e-06,RN7SL292P - SGO1P2,rs8180820-C,NR,Pulmonary tuberculosis,37009413,1.333,[1.188-1.496]
rs11607607,11,123680747,3e-06,SCN3B - ZNF202,rs11607607-G,NR,Pulmonary tuberculosis,37009413,1.332,[1.182-1.501]
rs62045225,15,55978810,4e-06,NEDD4,rs62045225-C,NR,Pulmonary tuberculosis,37009413,1.489,[1.257-1.764]
rs62094793,18,23822111,2e-06,LAMA3,rs62094793-G,NR,Pulmonary tuberculosis,37009413,2.316,[1.64-3.271]
rs200331599,20,37005894,4e-07,RBL1,rs200331599-T,NR,Pulmonary tuberculosis,37009413,0.099,[0.041-0.244]
rs447600,14,47856058,2e-06,LINC00648,rs447600-?,NR,Pulmonary tuberculosis,34721521,5.311,[5.11-5.52]
rs267951,5,10743308,1e-09,DAP,rs267951-?,NR,Tuberculosis x mycobacterium tuberculosis lineage interaction,36725857,40.52,
rs74875032,14,96668191,2e-09,RN7SKP108 - LINC02299,rs74875032-?,NR,Tuberculosis x mycobacterium tuberculosis lineage interaction,36725857,21.47,
rs142600697,4,161684161,2e-08,FSTL5,rs142600697-?,NR,Tuberculosis x mycobacterium tuberculosis lineage interaction,36725857,42.49,
rs1118438,2,35137014,2e-08,RN7SL602P - SMIM7P1,rs1118438-?,NR,Tuberculosis x mycobacterium tuberculosis lineage interaction,36725857,22.78,
rs558237,1,40607800,3e-08,GTF2F2P2 - RIMS3,rs558237-?,NR,Tuberculosis x mycobacterium tuberculosis lineage interaction,36725857,3.61,
rs59441182,3,8268967,3e-08,LMCD1-AS1,rs59441182-?,NR,Tuberculosis x mycobacterium tuberculosis lineage interaction,36725857,19.79,
rs4563899,8,19555738,5e-08,CSGALNACT1,rs4563899-?,NR,Tuberculosis x mycobacterium tuberculosis lineage interaction,36725857,29.27,
rs4331426,18,22610832,5e-07,RBBP8-AS1,rs4331426-?,NR,Tuberculosis x mycobacterium tuberculosis lineage interaction,36725857,,
rs529617685,1,16980770,9e-09,MFAP2,rs529617685-?,NR,Tuberculosis (main host cluster) x mycobacterium tuberculosis lineage interaction,36725857,129.69,
rs4331426,18,22610832,2e-06,RBBP8-AS1,rs4331426-?,NR,Tuberculosis (main host cluster) x mycobacterium tuberculosis lineage interaction,36725857,,
rs140780894,6,32657607,3e-23,HLA-DQA1 - HLA-DQB1,rs140780894-T,0.370504007,Pulmonary tuberculosis,34594039,0.18728146,[0.15-0.22] unit increase
rs140780894,6,32657607,3e-23,HLA-DQA1 - HLA-DQB1,rs140780894-T,NR,Pulmonary tuberculosis,34594039,0.1873,[0.15-0.22] unit increase
