DATE ADDED TO CATALOG	PUBMEDID	FIRST AUTHOR	DATE	JOURNAL	LINK	STUDY	DISEASE/TRAIT	INITIAL SAMPLE SIZE	REPLICATION SAMPLE SIZE	REGION	CHR_ID	CHR_POS	REPORTED GENE(S)	MAPPED_GENE	UPSTREAM_GENE_ID	DOWNSTREAM_GENE_ID	SNP_GENE_IDS	UPSTREAM_GENE_DISTANCE	DOWNSTREAM_GENE_DISTANCE	STRONGEST SNP-RISK ALLELE	SNPS	MERGED	SNP_ID_CURRENT	CONTEXT	INTERGENIC	RISK ALLELE FREQUENCY	P-VALUE	PVALUE_MLOG	P-VALUE (TEXT)	OR or BETA	95% CI (TEXT)	PLATFORM [SNPS PASSING QC]	CNV	MAPPED_TRAIT	MAPPED_TRAIT_URI	STUDY ACCESSION	GENOTYPING TECHNOLOGY
2023-08-02	37009413	Bai H	2023-03-29	MedComm (2020)	www.ncbi.nlm.nih.gov/pubmed/37009413	Genome-wide association study of tuberculosis in the western Chinese Han and Tibetan population.	Pulmonary tuberculosis	1,202 Chinese Han ancestry cases, 1,584 Chinese Han ancestry controls	NA	2p25.3	2	2072748		MYT1L			ENSG00000186487			rs7607919-A	rs7607919	0	7607919	intron_variant	0	NR	1E-7	7.0		2.079	[1.588-2.722]	Illumina [NR] (imputed)	N	pulmonary tuberculosis	http://www.ebi.ac.uk/efo/EFO_1000049	GCST90275073	Genome-wide genotyping array
2023-08-02	37009413	Bai H	2023-03-29	MedComm (2020)	www.ncbi.nlm.nih.gov/pubmed/37009413	Genome-wide association study of tuberculosis in the western Chinese Han and Tibetan population.	Pulmonary tuberculosis	1,202 Chinese Han ancestry cases, 1,584 Chinese Han ancestry controls	NA	2p24.1	2	22724280		LINC01830			ENSG00000228999			rs191940547-G	rs191940547	0	191940547	intergenic_variant	0	NR	7E-6	5.154901959985743		3.945	[2.17-7.174]	Illumina [NR] (imputed)	N	pulmonary tuberculosis	http://www.ebi.ac.uk/efo/EFO_1000049	GCST90275073	Genome-wide genotyping array
2023-08-02	37009413	Bai H	2023-03-29	MedComm (2020)	www.ncbi.nlm.nih.gov/pubmed/37009413	Genome-wide association study of tuberculosis in the western Chinese Han and Tibetan population.	Pulmonary tuberculosis	1,202 Chinese Han ancestry cases, 1,584 Chinese Han ancestry controls	NA	6p21.32	6	32616036		HLA-DRB1 - HLA-DQA1	ENSG00000196126	ENSG00000196735		26188	12143	rs111875628-A	rs111875628	1	1846190	intergenic_variant	1	NR	8E-7	6.096910013008056		1.384	[1.216-1.574]	Illumina [NR] (imputed)	N	pulmonary tuberculosis	http://www.ebi.ac.uk/efo/EFO_1000049	GCST90275073	Genome-wide genotyping array
2023-08-02	37009413	Bai H	2023-03-29	MedComm (2020)	www.ncbi.nlm.nih.gov/pubmed/37009413	Genome-wide association study of tuberculosis in the western Chinese Han and Tibetan population.	Pulmonary tuberculosis	1,202 Chinese Han ancestry cases, 1,584 Chinese Han ancestry controls	NA	7p12.1	7	51896850		RN7SL292P - SGO1P2	ENSG00000242650	ENSG00000234304		179928	994987	rs8180820-C	rs8180820	0	8180820	intergenic_variant	1	NR	1E-6	6.0		1.333	[1.188-1.496]	Illumina [NR] (imputed)	N	pulmonary tuberculosis	http://www.ebi.ac.uk/efo/EFO_1000049	GCST90275073	Genome-wide genotyping array
2023-08-02	37009413	Bai H	2023-03-29	MedComm (2020)	www.ncbi.nlm.nih.gov/pubmed/37009413	Genome-wide association study of tuberculosis in the western Chinese Han and Tibetan population.	Pulmonary tuberculosis	1,202 Chinese Han ancestry cases, 1,584 Chinese Han ancestry controls	NA	8q22.1	8	94295560		GEM - RPS4XP10	ENSG00000164949	ENSG00000244217		33099	57363	rs146050799-T	rs146050799	0	146050799	intergenic_variant	1	NR	6E-6	5.221848749616356		1.788	[1.389-2.302]	Illumina [NR] (imputed)	N	pulmonary tuberculosis	http://www.ebi.ac.uk/efo/EFO_1000049	GCST90275073	Genome-wide genotyping array
2023-08-02	37009413	Bai H	2023-03-29	MedComm (2020)	www.ncbi.nlm.nih.gov/pubmed/37009413	Genome-wide association study of tuberculosis in the western Chinese Han and Tibetan population.	Pulmonary tuberculosis	1,202 Chinese Han ancestry cases, 1,584 Chinese Han ancestry controls	NA	11q24.1	11	123680747		SCN3B - ZNF202	ENSG00000166257	ENSG00000166261		25503	43167	rs11607607-G	rs11607607	0	11607607	intergenic_variant	1	NR	3E-6	5.522878745280337		1.332	[1.182-1.501]	Illumina [NR] (imputed)	N	pulmonary tuberculosis	http://www.ebi.ac.uk/efo/EFO_1000049	GCST90275073	Genome-wide genotyping array
2023-08-02	37009413	Bai H	2023-03-29	MedComm (2020)	www.ncbi.nlm.nih.gov/pubmed/37009413	Genome-wide association study of tuberculosis in the western Chinese Han and Tibetan population.	Pulmonary tuberculosis	1,202 Chinese Han ancestry cases, 1,584 Chinese Han ancestry controls	NA	15q21.3	15	55978810		NEDD4			ENSG00000069869			rs62045225-C	rs62045225	0	62045225	intron_variant	0	NR	4E-6	5.3979400086720375		1.489	[1.257-1.764]	Illumina [NR] (imputed)	N	pulmonary tuberculosis	http://www.ebi.ac.uk/efo/EFO_1000049	GCST90275073	Genome-wide genotyping array
2023-08-02	37009413	Bai H	2023-03-29	MedComm (2020)	www.ncbi.nlm.nih.gov/pubmed/37009413	Genome-wide association study of tuberculosis in the western Chinese Han and Tibetan population.	Pulmonary tuberculosis	1,202 Chinese Han ancestry cases, 1,584 Chinese Han ancestry controls	NA	18q11.2	18	23822111		LAMA3			ENSG00000053747			rs62094793-G	rs62094793	0	62094793	intron_variant	0	NR	2E-6	5.698970004336019		2.316	[1.64-3.271]	Illumina [NR] (imputed)	N	pulmonary tuberculosis	http://www.ebi.ac.uk/efo/EFO_1000049	GCST90275073	Genome-wide genotyping array
2023-08-02	37009413	Bai H	2023-03-29	MedComm (2020)	www.ncbi.nlm.nih.gov/pubmed/37009413	Genome-wide association study of tuberculosis in the western Chinese Han and Tibetan population.	Pulmonary tuberculosis	1,202 Chinese Han ancestry cases, 1,584 Chinese Han ancestry controls	NA	18q22.1	18	67542600		DSEL-AS1			ENSG00000265533			rs12717067-T	rs12717067	0	12717067	intron_variant	0	NR	6E-6	5.221848749616356		1.316	[1.168-1.482]	Illumina [NR] (imputed)	N	pulmonary tuberculosis	http://www.ebi.ac.uk/efo/EFO_1000049	GCST90275073	Genome-wide genotyping array
2023-08-02	37009413	Bai H	2023-03-29	MedComm (2020)	www.ncbi.nlm.nih.gov/pubmed/37009413	Genome-wide association study of tuberculosis in the western Chinese Han and Tibetan population.	Pulmonary tuberculosis	1,202 Chinese Han ancestry cases, 1,584 Chinese Han ancestry controls	NA	20q11.23	20	37005894		RBL1			ENSG00000080839			rs200331599-T	rs200331599	0	200331599	intron_variant	0	NR	4E-7	6.3979400086720375		0.099	[0.041-0.244]	Illumina [NR] (imputed)	N	pulmonary tuberculosis	http://www.ebi.ac.uk/efo/EFO_1000049	GCST90275073	Genome-wide genotyping array
2022-11-04	34721521	Swart Y	2021-10-15	Front Genet	www.ncbi.nlm.nih.gov/pubmed/34721521	Local Ancestry Adjusted Allelic Association Analysis Robustly Captures Tuberculosis Susceptibility Loci.	Pulmonary tuberculosis	392 South African ancestry cases, 346 South African ancestry controls	NA	1q21.3	1	151213026		PIP5K1A			ENSG00000143398			rs4971014-?	rs4971014	0	4971014	intron_variant	0	NR	8E-6	5.096910013008056		0.532	[0.26-0.81]	Illumina [4249442] (imputed)	N	pulmonary tuberculosis	http://www.ebi.ac.uk/efo/EFO_1000049	GCST90101733	Genome-wide genotyping array
2022-11-04	34721521	Swart Y	2021-10-15	Front Genet	www.ncbi.nlm.nih.gov/pubmed/34721521	Local Ancestry Adjusted Allelic Association Analysis Robustly Captures Tuberculosis Susceptibility Loci.	Pulmonary tuberculosis	392 South African ancestry cases, 346 South African ancestry controls	NA	2q31.3	2	180075876		CWC22 - SCHLAP1	ENSG00000163510	ENSG00000281131		68579	616133	rs13411512-?	rs13411512	0	13411512	intergenic_variant	1	NR	5E-6	5.301029995663981		0.558	[0.31-0.81]	Illumina [4249442] (imputed)	N	pulmonary tuberculosis	http://www.ebi.ac.uk/efo/EFO_1000049	GCST90101733	Genome-wide genotyping array
2022-11-04	34721521	Swart Y	2021-10-15	Front Genet	www.ncbi.nlm.nih.gov/pubmed/34721521	Local Ancestry Adjusted Allelic Association Analysis Robustly Captures Tuberculosis Susceptibility Loci.	Pulmonary tuberculosis	392 South African ancestry cases, 346 South African ancestry controls	NA	5p15.2	5	12599236		LINC01194			ENSG00000248131			rs7449177-?	rs7449177	0	7449177	intron_variant	0	NR	1E-5	5.0		1.619	[1.41-1.83]	Illumina [4249442] (imputed)	N	pulmonary tuberculosis	http://www.ebi.ac.uk/efo/EFO_1000049	GCST90101733	Genome-wide genotyping array
2022-11-04	34721521	Swart Y	2021-10-15	Front Genet	www.ncbi.nlm.nih.gov/pubmed/34721521	Local Ancestry Adjusted Allelic Association Analysis Robustly Captures Tuberculosis Susceptibility Loci.	Pulmonary tuberculosis	392 South African ancestry cases, 346 South African ancestry controls	NA	10p11.21	10	35238615		CCNY-AS1			ENSG00000271335			rs3867218-?	rs3867218	0	3867218	intron_variant	0	NR	5E-6	5.301029995663981		1.67	[1.45-1.89]	Illumina [4249442] (imputed)	N	pulmonary tuberculosis	http://www.ebi.ac.uk/efo/EFO_1000049	GCST90101733	Genome-wide genotyping array
2022-11-04	34721521	Swart Y	2021-10-15	Front Genet	www.ncbi.nlm.nih.gov/pubmed/34721521	Local Ancestry Adjusted Allelic Association Analysis Robustly Captures Tuberculosis Susceptibility Loci.	Pulmonary tuberculosis	392 South African ancestry cases, 346 South African ancestry controls	NA	14q21.3	14	47856058		LINC00648			ENSG00000259129			rs447600-?	rs447600	0	447600	intron_variant	0	NR	2E-6	5.698970004336019		5.311	[5.11-5.52]	Illumina [4249442] (imputed)	N	pulmonary tuberculosis	http://www.ebi.ac.uk/efo/EFO_1000049	GCST90101733	Genome-wide genotyping array
2022-11-04	34721521	Swart Y	2021-10-15	Front Genet	www.ncbi.nlm.nih.gov/pubmed/34721521	Local Ancestry Adjusted Allelic Association Analysis Robustly Captures Tuberculosis Susceptibility Loci.	Pulmonary tuberculosis	392 South African ancestry cases, 346 South African ancestry controls	NA	14q21.3	14	47879851		LINC00648			ENSG00000259129			rs181301-?	rs181301	0	181301	intron_variant	0	NR	7E-6	5.154901959985743		1.627	[1.41-1.84]	Illumina [4249442] (imputed)	N	pulmonary tuberculosis	http://www.ebi.ac.uk/efo/EFO_1000049	GCST90101733	Genome-wide genotyping array
2022-11-04	34721521	Swart Y	2021-10-15	Front Genet	www.ncbi.nlm.nih.gov/pubmed/34721521	Local Ancestry Adjusted Allelic Association Analysis Robustly Captures Tuberculosis Susceptibility Loci.	Pulmonary tuberculosis	392 South African ancestry cases, 346 South African ancestry controls	NA	21q22.3	21	42339332		TFF3 - TFF2	ENSG00000160180	ENSG00000160181		23923	7025	rs692544-?	rs692544	0	692544	intergenic_variant	1	NR	7E-6	5.154901959985743		1.671	[1.45-1.89]	Illumina [4249442] (imputed)	N	pulmonary tuberculosis	http://www.ebi.ac.uk/efo/EFO_1000049	GCST90101733	Genome-wide genotyping array
2023-05-26	36725857	Phelan J	2023-02-01	Nat Commun	www.ncbi.nlm.nih.gov/pubmed/36725857	Genome-wide host-pathogen analyses reveal genetic interaction points in tuberculosis disease.	Tuberculosis x mycobacterium tuberculosis lineage interaction	714 East Asian ancestry cases	NA	5p15.2	5	10743308		DAP			ENSG00000112977			rs267951-?	rs267951	0	267951	intron_variant	0	NR	1E-9	9.0		40.52		Illumina [5948940] (imputed)	N	bacterial pathogen genotype measurement, pulmonary tuberculosis	http://www.ebi.ac.uk/efo/EFO_0010271, http://www.ebi.ac.uk/efo/EFO_1000049	GCST90270069	Genome-wide genotyping array
2023-05-26	36725857	Phelan J	2023-02-01	Nat Commun	www.ncbi.nlm.nih.gov/pubmed/36725857	Genome-wide host-pathogen analyses reveal genetic interaction points in tuberculosis disease.	Tuberculosis x mycobacterium tuberculosis lineage interaction	714 East Asian ancestry cases	NA	14q32.2	14	96668191		RN7SKP108 - LINC02299	ENSG00000223299	ENSG00000258979		29677	69830	rs74875032-?	rs74875032	0	74875032	intron_variant	1	NR	2E-9	8.698970004336019		21.47		Illumina [5948940] (imputed)	N	bacterial pathogen genotype measurement, pulmonary tuberculosis	http://www.ebi.ac.uk/efo/EFO_0010271, http://www.ebi.ac.uk/efo/EFO_1000049	GCST90270069	Genome-wide genotyping array
2023-05-26	36725857	Phelan J	2023-02-01	Nat Commun	www.ncbi.nlm.nih.gov/pubmed/36725857	Genome-wide host-pathogen analyses reveal genetic interaction points in tuberculosis disease.	Tuberculosis x mycobacterium tuberculosis lineage interaction	714 East Asian ancestry cases	NA	4q32.2	4	161684161		FSTL5			ENSG00000168843			rs142600697-?	rs142600697	0	142600697	intron_variant	0	NR	2E-8	7.698970004336019		42.49		Illumina [5948940] (imputed)	N	bacterial pathogen genotype measurement, pulmonary tuberculosis	http://www.ebi.ac.uk/efo/EFO_0010271, http://www.ebi.ac.uk/efo/EFO_1000049	GCST90270069	Genome-wide genotyping array
2023-05-26	36725857	Phelan J	2023-02-01	Nat Commun	www.ncbi.nlm.nih.gov/pubmed/36725857	Genome-wide host-pathogen analyses reveal genetic interaction points in tuberculosis disease.	Tuberculosis x mycobacterium tuberculosis lineage interaction	714 East Asian ancestry cases	NA	2p22.3	2	35137014		RN7SL602P - SMIM7P1	ENSG00000264352	ENSG00000196085		327458	82363	rs1118438-?	rs1118438	0	1118438	intron_variant	1	NR	2E-8	7.698970004336019		22.78		Illumina [5948940] (imputed)	N	bacterial pathogen genotype measurement, pulmonary tuberculosis	http://www.ebi.ac.uk/efo/EFO_0010271, http://www.ebi.ac.uk/efo/EFO_1000049	GCST90270069	Genome-wide genotyping array
2023-05-26	36725857	Phelan J	2023-02-01	Nat Commun	www.ncbi.nlm.nih.gov/pubmed/36725857	Genome-wide host-pathogen analyses reveal genetic interaction points in tuberculosis disease.	Tuberculosis x mycobacterium tuberculosis lineage interaction	714 East Asian ancestry cases	NA	1p34.2	1	40607800		GTF2F2P2 - RIMS3	ENSG00000233910	ENSG00000117016		13447	12879	rs558237-?	rs558237	0	558237	intergenic_variant	1	NR	3E-8	7.522878745280337		3.61		Illumina [5948940] (imputed)	N	bacterial pathogen genotype measurement, pulmonary tuberculosis	http://www.ebi.ac.uk/efo/EFO_0010271, http://www.ebi.ac.uk/efo/EFO_1000049	GCST90270069	Genome-wide genotyping array
2023-05-26	36725857	Phelan J	2023-02-01	Nat Commun	www.ncbi.nlm.nih.gov/pubmed/36725857	Genome-wide host-pathogen analyses reveal genetic interaction points in tuberculosis disease.	Tuberculosis x mycobacterium tuberculosis lineage interaction	714 East Asian ancestry cases	NA	3p25.3	3	8268967		LMCD1-AS1			ENSG00000227110			rs59441182-?	rs59441182	0	59441182	intron_variant	0	NR	3E-8	7.522878745280337		19.79		Illumina [5948940] (imputed)	N	bacterial pathogen genotype measurement, pulmonary tuberculosis	http://www.ebi.ac.uk/efo/EFO_0010271, http://www.ebi.ac.uk/efo/EFO_1000049	GCST90270069	Genome-wide genotyping array
2023-05-26	36725857	Phelan J	2023-02-01	Nat Commun	www.ncbi.nlm.nih.gov/pubmed/36725857	Genome-wide host-pathogen analyses reveal genetic interaction points in tuberculosis disease.	Tuberculosis x mycobacterium tuberculosis lineage interaction	714 East Asian ancestry cases	NA	8p21.3	8	19555738		CSGALNACT1			ENSG00000147408			rs4563899-?	rs4563899	0	4563899	intron_variant	0	NR	5E-8	7.301029995663981		29.27		Illumina [5948940] (imputed)	N	bacterial pathogen genotype measurement, pulmonary tuberculosis	http://www.ebi.ac.uk/efo/EFO_0010271, http://www.ebi.ac.uk/efo/EFO_1000049	GCST90270069	Genome-wide genotyping array
2023-05-26	36725857	Phelan J	2023-02-01	Nat Commun	www.ncbi.nlm.nih.gov/pubmed/36725857	Genome-wide host-pathogen analyses reveal genetic interaction points in tuberculosis disease.	Tuberculosis x mycobacterium tuberculosis lineage interaction	714 East Asian ancestry cases	NA	18q11.2	18	22610832		RBBP8-AS1			ENSG00000266850			rs4331426-?	rs4331426	0	4331426	intron_variant	0	NR	5E-7	6.301029995663981				Illumina [5948940] (imputed)	N	bacterial pathogen genotype measurement, pulmonary tuberculosis	http://www.ebi.ac.uk/efo/EFO_0010271, http://www.ebi.ac.uk/efo/EFO_1000049	GCST90270069	Genome-wide genotyping array
2023-05-26	36725857	Phelan J	2023-02-01	Nat Commun	www.ncbi.nlm.nih.gov/pubmed/36725857	Genome-wide host-pathogen analyses reveal genetic interaction points in tuberculosis disease.	Tuberculosis x mycobacterium tuberculosis lineage interaction	714 East Asian ancestry cases	NA	6p21.32	6	32642624		HLA-DQA1			ENSG00000196735			rs9272785-?	rs9272785	0	9272785	missense_variant	0	NR	6E-6	5.221848749616356				Illumina [5948940] (imputed)	N	bacterial pathogen genotype measurement, pulmonary tuberculosis	http://www.ebi.ac.uk/efo/EFO_0010271, http://www.ebi.ac.uk/efo/EFO_1000049	GCST90270069	Genome-wide genotyping array
2023-05-26	36725857	Phelan J	2023-02-01	Nat Commun	www.ncbi.nlm.nih.gov/pubmed/36725857	Genome-wide host-pathogen analyses reveal genetic interaction points in tuberculosis disease.	Tuberculosis (main host cluster) x mycobacterium tuberculosis lineage interaction	426 East Asian ancestry cases	NA	1p36.13	1	16980770		MFAP2			ENSG00000117122			rs529617685-?	rs529617685	1	60284130	intron_variant	0	NR	9E-9	8.045757490560675		129.69		Illumina [5948940] (imputed)	N	bacterial pathogen genotype measurement, pulmonary tuberculosis	http://www.ebi.ac.uk/efo/EFO_0010271, http://www.ebi.ac.uk/efo/EFO_1000049	GCST90270070	Genome-wide genotyping array
2023-05-26	36725857	Phelan J	2023-02-01	Nat Commun	www.ncbi.nlm.nih.gov/pubmed/36725857	Genome-wide host-pathogen analyses reveal genetic interaction points in tuberculosis disease.	Tuberculosis (main host cluster) x mycobacterium tuberculosis lineage interaction	426 East Asian ancestry cases	NA	18q11.2	18	22610832		RBBP8-AS1			ENSG00000266850			rs4331426-?	rs4331426	0	4331426	intron_variant	0	NR	2E-6	5.698970004336019				Illumina [5948940] (imputed)	N	bacterial pathogen genotype measurement, pulmonary tuberculosis	http://www.ebi.ac.uk/efo/EFO_0010271, http://www.ebi.ac.uk/efo/EFO_1000049	GCST90270070	Genome-wide genotyping array
2023-05-26	36725857	Phelan J	2023-02-01	Nat Commun	www.ncbi.nlm.nih.gov/pubmed/36725857	Genome-wide host-pathogen analyses reveal genetic interaction points in tuberculosis disease.	Tuberculosis (main host cluster) x mycobacterium tuberculosis lineage interaction	426 East Asian ancestry cases	NA	6p21.32	6	32642624		HLA-DQA1			ENSG00000196735			rs9272785-?	rs9272785	0	9272785	missense_variant	0	NR	6E-6	5.221848749616356				Illumina [5948940] (imputed)	N	bacterial pathogen genotype measurement, pulmonary tuberculosis	http://www.ebi.ac.uk/efo/EFO_0010271, http://www.ebi.ac.uk/efo/EFO_1000049	GCST90270070	Genome-wide genotyping array
2025-08-11	35401413	Schurz H	2022-03-25	Front Neurol	www.ncbi.nlm.nih.gov/pubmed/35401413	Deciphering Genetic Susceptibility to Tuberculous Meningitis.	Tuberculous meningitis vs pulmonary tuberculosis	114 Other admixed ancestry cases, 395 Other admixed ancestry controls	NA	4p15.2	4	22802462		GBA3			ENSG00000249948			rs77857429-?	rs77857429	0	77857429	intron_variant	0	NR	6E-6	5.221848749616356		4.28	[2.28-8.02]	Illumina [1465892]	N	pulmonary tuberculosis, meningeal tuberculosis	http://www.ebi.ac.uk/efo/EFO_1000049, http://www.ebi.ac.uk/efo/EFO_1000039	GCST90104952	Genome-wide genotyping array
2025-08-11	35401413	Schurz H	2022-03-25	Front Neurol	www.ncbi.nlm.nih.gov/pubmed/35401413	Deciphering Genetic Susceptibility to Tuberculous Meningitis.	Tuberculous meningitis vs pulmonary tuberculosis	114 Other admixed ancestry cases, 395 Other admixed ancestry controls	NA	17p13.3	17	781489		GLOD4			ENSG00000167699			rs3760495-?	rs3760495	0	3760495	intron_variant	0	NR	9E-6	5.045757490560675		2.72	[1.75-4.24]	Illumina [1465892]	N	pulmonary tuberculosis, meningeal tuberculosis	http://www.ebi.ac.uk/efo/EFO_1000049, http://www.ebi.ac.uk/efo/EFO_1000039	GCST90104952	Genome-wide genotyping array
2021-12-14	34594039	Sakaue S	2021-09-30	Nat Genet	www.ncbi.nlm.nih.gov/pubmed/34594039	A cross-population atlas of genetic associations for 220 human phenotypes.	Pulmonary tuberculosis	7,800 East Asian ancestry cases, 170,871 East Asian ancestry controls	NA	6p21.32	6	32657607		HLA-DQA1 - HLA-DQB1	ENSG00000196735	ENSG00000179344		10545	1860	rs140780894-T	rs140780894	0	140780894	intergenic_variant	1	0.370504007	3E-23	22.522878745280337		0.18728146	[0.15-0.22] unit increase	Illumina [13429952] (imputed)	N	pulmonary tuberculosis	http://www.ebi.ac.uk/efo/EFO_1000049	GCST90018672	Genome-wide genotyping array
2021-12-14	34594039	Sakaue S	2021-09-30	Nat Genet	www.ncbi.nlm.nih.gov/pubmed/34594039	A cross-population atlas of genetic associations for 220 human phenotypes.	Pulmonary tuberculosis	895 European ancestry cases, 476,491 European ancestry controls, 7,800 East Asian ancestry cases, 170,871 East Asian ancestry controls	NA	6p21.32	6	32657607		HLA-DQA1 - HLA-DQB1	ENSG00000196735	ENSG00000179344		10545	1860	rs140780894-T	rs140780894	0	140780894	intergenic_variant	1	NR	3E-23	22.522878745280337		0.1873	[0.15-0.22] unit increase	Affymetrix, Illumina [25844658] (imputed)	N	pulmonary tuberculosis	http://www.ebi.ac.uk/efo/EFO_1000049	GCST90018892	Genome-wide genotyping array
